"Time (s)","Illuminance (lx)"
1.453146920E-1,0.000000000E0
1.505334080E0,1.000000000E0
3.785332547E0,2.000000000E0
3.865319317E0,1.000000000E0
3.905324240E0,2.000000000E0
4.065320779E0,3.000000000E0
4.145307317E0,2.000000000E0
4.305318318E0,1.000000000E0
4.625355549E0,0.000000000E0
4.785322011E0,1.000000000E0
5.025312243E0,2.000000000E0
5.425306013E0,3.000000000E0
5.665334090E0,2.000000000E0
5.785330321E0,1.000000000E0
